,decay,reward,training_time
0,0.001,40.85712980200905,521.6069967746735
1,0.006,38.64470175220359,514.1710028648376
2,0.011,37.19872616947797,514.2984008789062
3,0.016,40.359953357595295,514.2338888645172
4,0.021,43.02431485200273,515.8837239742279
5,0.026000000000000002,41.723567090189036,596.6334843635559
6,0.031,26.67243631722281,603.89302277565
7,0.036000000000000004,35.09720096396323,601.0880472660065
8,0.041,43.43615319675316,617.7129123210907
9,0.046,40.240686561028184,611.9169886112213
